{"cameraMode":{"drawMode":0,"name":"Shaded","section":"Shading Mode"},"sceneLighting":false,"audioPlay":false,"sceneViewState":{"m_AlwaysRefresh":false,"showFog":true,"showSkybox":false,"showFlares":true,"showImageEffects":true,"showParticleSystems":true,"showVisualEffectGraphs":true,"m_FxEnabled":true},"in2DMode":false,"pivot":{"x":0.00048004090785980225,"y":0.22120575606822968,"z":0.05007360875606537},"rotation":{"x":0.10686536878347397,"y":-0.12996551394462586,"z":0.014090918935835362,"w":0.9856424927711487},"size":0.5322917103767395,"orthographic":false}