{"cameraMode":{"drawMode":0,"name":"Shaded","section":"Shading Mode"},"sceneLighting":false,"audioPlay":false,"sceneViewState":{"m_AlwaysRefresh":false,"showFog":true,"showSkybox":false,"showFlares":true,"showImageEffects":true,"showParticleSystems":true,"showVisualEffectGraphs":true,"m_FxEnabled":true},"in2DMode":false,"pivot":{"x":-0.0793398916721344,"y":0.013123765587806702,"z":-0.016672872006893159},"rotation":{"x":0.23353369534015656,"y":0.3657477796077728,"z":-0.09534139186143875,"w":0.895881175994873},"size":0.15527692437171937,"orthographic":false}